averagenergy,standard_deviation,sends,receives,Average_Packet_Delivery,Totoal_packets,Normalised_Routing_Overhead,Average_Packet_Delivery,first_arrival_time_,time_Interval
1493.541853875,3277.8622119237366,1261,1235,97.9381443298969,1942,0.36405767250257465,97.9381443298969,13.473566798,0
2740.917298425,3789.3750511874173,3204,3189,99.53183520599251,4408,0.2765426497277677,99.53183520599251,50.026057546000004,50
